{
    "analyses": [
        {
            "age": 860.6539904820655,
            "age_err": 18.902543159138773,
            "age_err_wo_j": 18.902543159138773,
            "baseline_corrected_intercepts": {
                "Ar36": {
                    "error": 5.937784691791758e-08,
                    "value": 2.4360155999440908e-05
                },
                "Ar37": {
                    "error": 2.5978439115567074e-07,
                    "value": 2.0350203318242993e-05
                },
                "Ar38": {
                    "error": 2.947036937300271e-07,
                    "value": 2.3591169850758765e-05
                },
                "Ar39": {
                    "error": 3.0140032089106714e-06,
                    "value": 0.0013322732050816207
                },
                "Ar40": {
                    "error": 1.2338835923654313e-05,
                    "value": 0.00835392596650812
                }
            },
            "blanks": {
                "Ar36": {
                    "error": 2.092857795719267e-08,
                    "value": 1.1304139717793095e-06
                },
                "Ar37": {
                    "error": 1.2029224922744765e-07,
                    "value": 3.501268660314953e-07
                },
                "Ar38": {
                    "error": 1.1798348991220487e-07,
                    "value": 4.349184397016189e-07
                },
                "Ar39": {
                    "error": 1.319237406595079e-07,
                    "value": 1.4240177622632588e-06
                },
                "Ar40": {
                    "error": 2.100944924409882e-06,
                    "value": 0.000296784629752575
                }
            },
            "extract_value": 1.7,
            "ic_corrected_values": {
                "Ar36": {
                    "error": 7.187846243450087e-08,
                    "value": 2.3183562698368587e-05
                },
                "Ar37": {
                    "error": 2.9889988065845456e-07,
                    "value": 2.0732637305605818e-05
                },
                "Ar38": {
                    "error": 3.2616319503037317e-07,
                    "value": 2.3711608820888195e-05
                },
                "Ar39": {
                    "error": 3.1434286800248876e-06,
                    "value": 0.0013464856361598352
                },
                "Ar40": {
                    "error": 1.2516422872620828e-05,
                    "value": 0.008057141336755546
                }
            },
            "icfactors": {
                "Ar36": {
                    "error": 0.001502700632724073,
                    "value": 0.9980120601753553
                },
                "Ar37": {
                    "error": 0.0017812270073089091,
                    "value": 1.036627902655508
                },
                "Ar38": {
                    "error": 0.0011592036041532592,
                    "value": 1.0239830445771487
                },
                "Ar39": {
                    "error": 0.0005644980493056752,
                    "value": 1.0117492267264132
                },
                "Ar40": {
                    "error": 0.0,
                    "value": 1.0
                }
            },
            "interference_corrected_values": {
                "Ar36": {
                    "error": 7.192195567141534e-08,
                    "value": 2.301817711523943e-05
                },
                "Ar37": {
                    "error": 8.783471126135988e-06,
                    "value": 0.0006092492266683934
                },
                "Ar38": {
                    "error": 3.2616319503037317e-07,
                    "value": 2.3711608820888195e-05
                },
                "Ar39": {
                    "error": 3.147248912134464e-06,
                    "value": 0.0013476881159856348
                },
                "Ar40": {
                    "error": 1.2517010766837406e-05,
                    "value": 0.008056157524430877
                }
            },
            "kca": 0.953941346836428,
            "kca_err": 0.013943372243491452,
            "kcl": 1988.043453162712,
            "kcl_err": 221.05039096311427,
            "plateau_step": false,
            "radiogenic_yield": 14.693183542709276,
            "radiogenic_yield_err": 0.31053897514913104,
            "record_id": "UW154:F105-01",
            "rundate": 